sportsbook,sport,league_info,game_date,game_time,game_participants,market,bet_selection_name,price,time_retrieved,suspended,line
DraftKings,Football,NFL,2024-10-22,01:00:00,LA Chargers @ ARI Cardinals,Total Alternate,Over 32.5,−587,2024-10-21T02:32:08.67379Z,False,ALTERNATE
DraftKings,Football,NFL,2024-10-22,01:00:00,LA Chargers @ ARI Cardinals,Total Alternate,Under 32.5,+419,2024-10-21T02:32:08.80878Z,False,ALTERNATE
DraftKings,Football,NFL,2024-10-22,01:00:00,LA Chargers @ ARI Cardinals,Total Alternate,Over 33,−563,2024-10-21T02:32:08.99578Z,False,ALTERNATE
DraftKings,Football,NFL,2024-10-22,01:00:00,LA Chargers @ ARI Cardinals,Total Alternate,Under 33,+405,2024-10-21T02:32:09.15479Z,False,ALTERNATE
DraftKings,Football,NFL,2024-10-22,01:00:00,LA Chargers @ ARI Cardinals,Total Alternate,Over 33.5,−472,2024-10-21T02:32:09.28186Z,False,ALTERNATE
DraftKings,Football,NFL,2024-10-22,01:00:00,LA Chargers @ ARI Cardinals,Total Alternate,Under 33.5,+350,2024-10-21T02:32:09.41978Z,False,ALTERNATE
DraftKings,Football,NFL,2024-10-22,01:00:00,LA Chargers @ ARI Cardinals,Total Alternate,Over 34,−459,2024-10-21T02:32:10.37378Z,False,ALTERNATE
DraftKings,Football,NFL,2024-10-22,01:00:00,LA Chargers @ ARI Cardinals,Total Alternate,Under 34,+342,2024-10-21T02:32:10.85481Z,False,ALTERNATE
DraftKings,Football,NFL,2024-10-22,01:00:00,LA Chargers @ ARI Cardinals,Total Alternate,Over 34.5,−415,2024-10-21T02:32:11.01081Z,False,ALTERNATE
DraftKings,Football,NFL,2024-10-22,01:00:00,LA Chargers @ ARI Cardinals,Total Alternate,Under 34.5,+314,2024-10-21T02:32:11.13280Z,False,ALTERNATE
DraftKings,Football,NFL,2024-10-22,01:00:00,LA Chargers @ ARI Cardinals,Total Alternate,Over 35,−402,2024-10-21T02:32:11.37878Z,False,ALTERNATE
DraftKings,Football,NFL,2024-10-22,01:00:00,LA Chargers @ ARI Cardinals,Total Alternate,Under 35,+306,2024-10-21T02:32:11.55879Z,False,ALTERNATE
DraftKings,Football,NFL,2024-10-22,01:00:00,LA Chargers @ ARI Cardinals,Total Alternate,Over 35.5,−363,2024-10-21T02:32:11.77078Z,False,ALTERNATE
DraftKings,Football,NFL,2024-10-22,01:00:00,LA Chargers @ ARI Cardinals,Total Alternate,Under 35.5,+280,2024-10-21T02:32:11.89778Z,False,ALTERNATE
DraftKings,Football,NFL,2024-10-22,01:00:00,LA Chargers @ ARI Cardinals,Total Alternate,Over 36,−348,2024-10-21T02:32:12.34578Z,False,ALTERNATE
DraftKings,Football,NFL,2024-10-22,01:00:00,LA Chargers @ ARI Cardinals,Total Alternate,Under 36,+269,2024-10-21T02:32:12.48186Z,False,ALTERNATE
DraftKings,Football,NFL,2024-10-22,01:00:00,LA Chargers @ ARI Cardinals,Total Alternate,Over 36.5,−308,2024-10-21T02:32:12.99744Z,False,ALTERNATE
DraftKings,Football,NFL,2024-10-22,01:00:00,LA Chargers @ ARI Cardinals,Total Alternate,Under 36.5,+242,2024-10-21T02:32:13.11745Z,False,ALTERNATE
DraftKings,Football,NFL,2024-10-22,01:00:00,LA Chargers @ ARI Cardinals,Total Alternate,Over 37,−292,2024-10-21T02:32:13.57382Z,False,ALTERNATE
DraftKings,Football,NFL,2024-10-22,01:00:00,LA Chargers @ ARI Cardinals,Total Alternate,Under 37,+230,2024-10-21T02:32:13.74274Z,False,ALTERNATE
DraftKings,Football,NFL,2024-10-22,00:15:00,BAL Ravens @ TB Buccaneers,Total Alternate,Over 37.5,−538,2024-10-21T02:32:13.88172Z,False,ALTERNATE
DraftKings,Football,NFL,2024-10-22,01:00:00,LA Chargers @ ARI Cardinals,Total Alternate,Over 37.5,−256,2024-10-21T02:32:14.03387Z,False,ALTERNATE
DraftKings,Football,NFL,2024-10-22,00:15:00,BAL Ravens @ TB Buccaneers,Total Alternate,Under 37.5,+390,2024-10-21T02:32:14.20441Z,False,ALTERNATE
DraftKings,Football,NFL,2024-10-22,01:00:00,LA Chargers @ ARI Cardinals,Total Alternate,Under 37.5,+205,2024-10-21T02:32:14.33440Z,False,ALTERNATE
DraftKings,Football,NFL,2024-10-22,00:15:00,BAL Ravens @ TB Buccaneers,Total Alternate,Over 38,−525,2024-10-21T02:32:14.62546Z,False,ALTERNATE
DraftKings,Football,NFL,2024-10-22,01:00:00,LA Chargers @ ARI Cardinals,Total Alternate,Over 38,−248,2024-10-21T02:32:14.74839Z,False,ALTERNATE
DraftKings,Football,NFL,2024-10-22,00:15:00,BAL Ravens @ TB Buccaneers,Total Alternate,Under 38,+382,2024-10-21T02:32:14.88240Z,False,ALTERNATE
DraftKings,Football,NFL,2024-10-22,01:00:00,LA Chargers @ ARI Cardinals,Total Alternate,Under 38,+198,2024-10-21T02:32:15.09506Z,False,ALTERNATE
DraftKings,Football,NFL,2024-10-22,00:15:00,BAL Ravens @ TB Buccaneers,Total Alternate,Over 38.5,−478,2024-10-21T02:32:15.22299Z,False,ALTERNATE
DraftKings,Football,NFL,2024-10-22,01:00:00,LA Chargers @ ARI Cardinals,Total Alternate,Over 38.5,−230,2024-10-21T02:32:15.44677Z,False,ALTERNATE
DraftKings,Football,NFL,2024-10-22,00:15:00,BAL Ravens @ TB Buccaneers,Total Alternate,Under 38.5,+354,2024-10-21T02:32:15.57688Z,False,ALTERNATE
DraftKings,Football,NFL,2024-10-22,01:00:00,LA Chargers @ ARI Cardinals,Total Alternate,Under 38.5,+185,2024-10-21T02:32:15.83192Z,False,ALTERNATE
DraftKings,Football,NFL,2024-10-22,00:15:00,BAL Ravens @ TB Buccaneers,Total Alternate,Over 39,−465,2024-10-21T02:32:15.96193Z,False,ALTERNATE
DraftKings,Football,NFL,2024-10-22,01:00:00,LA Chargers @ ARI Cardinals,Total Alternate,Over 39,−220,2024-10-21T02:32:16.11096Z,False,ALTERNATE
DraftKings,Football,NFL,2024-10-22,00:15:00,BAL Ravens @ TB Buccaneers,Total Alternate,Under 39,+346,2024-10-21T02:32:16.25320Z,False,ALTERNATE
DraftKings,Football,NFL,2024-10-22,01:00:00,LA Chargers @ ARI Cardinals,Total Alternate,Under 39,+178,2024-10-21T02:32:16.38677Z,False,ALTERNATE
DraftKings,Football,NFL,2024-10-22,00:15:00,BAL Ravens @ TB Buccaneers,Total Alternate,Over 39.5,−420,2024-10-21T02:32:16.51839Z,False,ALTERNATE
DraftKings,Football,NFL,2024-10-22,01:00:00,LA Chargers @ ARI Cardinals,Total Alternate,Over 39.5,−202,2024-10-21T02:32:16.66839Z,False,ALTERNATE
DraftKings,Football,NFL,2024-10-22,00:15:00,BAL Ravens @ TB Buccaneers,Total Alternate,Under 39.5,+317,2024-10-21T02:32:16.79790Z,False,ALTERNATE
DraftKings,Football,NFL,2024-10-22,01:00:00,LA Chargers @ ARI Cardinals,Total Alternate,Under 39.5,+164,2024-10-21T02:32:16.97801Z,False,ALTERNATE
DraftKings,Football,NFL,2024-10-22,00:15:00,BAL Ravens @ TB Buccaneers,Total Alternate,Over 40,−405,2024-10-21T02:32:17.12299Z,False,ALTERNATE
DraftKings,Football,NFL,2024-10-22,01:00:00,LA Chargers @ ARI Cardinals,Total Alternate,Over 40,−191,2024-10-21T02:32:17.31924Z,False,ALTERNATE
DraftKings,Football,NFL,2024-10-22,00:15:00,BAL Ravens @ TB Buccaneers,Total Alternate,Under 40,+307,2024-10-21T02:32:17.43925Z,False,ALTERNATE
DraftKings,Football,NFL,2024-10-22,01:00:00,LA Chargers @ ARI Cardinals,Total Alternate,Under 40,+156,2024-10-21T02:32:17.57630Z,False,ALTERNATE
DraftKings,Football,NFL,2024-10-22,00:15:00,BAL Ravens @ TB Buccaneers,Total Alternate,Over 40.5,−359,2024-10-21T02:32:17.71338Z,False,ALTERNATE
DraftKings,Football,NFL,2024-10-22,01:00:00,LA Chargers @ ARI Cardinals,Total Alternate,Over 40.5,−175,2024-10-21T02:32:17.84537Z,False,ALTERNATE
DraftKings,Football,NFL,2024-10-22,00:15:00,BAL Ravens @ TB Buccaneers,Total Alternate,Under 40.5,+277,2024-10-21T02:32:17.96654Z,False,ALTERNATE
DraftKings,Football,NFL,2024-10-22,01:00:00,LA Chargers @ ARI Cardinals,Total Alternate,Under 40.5,+143,2024-10-21T02:32:18.31614Z,False,ALTERNATE
DraftKings,Football,NFL,2024-10-22,00:15:00,BAL Ravens @ TB Buccaneers,Total Alternate,Over 41,−345,2024-10-21T02:32:18.44666Z,False,ALTERNATE
DraftKings,Football,NFL,2024-10-22,01:00:00,LA Chargers @ ARI Cardinals,Total Alternate,Over 41,−165,2024-10-21T02:32:18.70492Z,False,ALTERNATE
DraftKings,Football,NFL,2024-10-22,00:15:00,BAL Ravens @ TB Buccaneers,Total Alternate,Under 41,+267,2024-10-21T02:32:18.83096Z,False,ALTERNATE
DraftKings,Football,NFL,2024-10-22,01:00:00,LA Chargers @ ARI Cardinals,Total Alternate,Under 41,+135,2024-10-21T02:32:18.98400Z,False,ALTERNATE
DraftKings,Football,NFL,2024-10-22,00:15:00,BAL Ravens @ TB Buccaneers,Total Alternate,Over 41.5,−309,2024-10-21T02:32:19.11004Z,False,ALTERNATE
DraftKings,Football,NFL,2024-10-22,01:00:00,LA Chargers @ ARI Cardinals,Total Alternate,Over 41.5,−151,2024-10-21T02:32:19.32318Z,False,ALTERNATE
DraftKings,Football,NFL,2024-10-22,00:15:00,BAL Ravens @ TB Buccaneers,Total Alternate,Under 41.5,+242,2024-10-21T02:32:19.80077Z,False,ALTERNATE
DraftKings,Football,NFL,2024-10-22,01:00:00,LA Chargers @ ARI Cardinals,Total Alternate,Under 41.5,+124,2024-10-21T02:32:19.95792Z,False,ALTERNATE
DraftKings,Football,NFL,2024-10-22,00:15:00,BAL Ravens @ TB Buccaneers,Total Alternate,Over 42,−301,2024-10-21T02:32:20.33760Z,False,ALTERNATE
DraftKings,Football,NFL,2024-10-22,01:00:00,LA Chargers @ ARI Cardinals,Total Alternate,Over 42,−145,2024-10-21T02:32:20.67969Z,False,ALTERNATE
DraftKings,Football,NFL,2024-10-22,00:15:00,BAL Ravens @ TB Buccaneers,Total Alternate,Under 42,+236,2024-10-21T02:32:20.81676Z,False,ALTERNATE
DraftKings,Football,NFL,2024-10-22,01:00:00,LA Chargers @ ARI Cardinals,Total Alternate,Under 42,+119,2024-10-21T02:32:21.18696Z,False,ALTERNATE
DraftKings,Football,NFL,2024-10-22,00:15:00,BAL Ravens @ TB Buccaneers,Total Alternate,Over 42.5,−281,2024-10-21T02:32:21.72377Z,False,ALTERNATE
DraftKings,Football,NFL,2024-10-22,01:00:00,LA Chargers @ ARI Cardinals,Total Alternate,Over 42.5,−137,2024-10-21T02:32:21.85379Z,False,ALTERNATE
DraftKings,Football,NFL,2024-10-22,00:15:00,BAL Ravens @ TB Buccaneers,Total Alternate,Under 42.5,+222,2024-10-21T02:32:21.98581Z,False,ALTERNATE
DraftKings,Football,NFL,2024-10-22,01:00:00,LA Chargers @ ARI Cardinals,Total Alternate,Under 42.5,+113,2024-10-21T02:32:22.12491Z,False,ALTERNATE
DraftKings,Football,NFL,2024-10-22,00:15:00,BAL Ravens @ TB Buccaneers,Total Alternate,Over 43,−267,2024-10-21T02:32:22.27191Z,False,ALTERNATE
DraftKings,Football,NFL,2024-10-22,01:00:00,LA Chargers @ ARI Cardinals,Total Alternate,Over 43,−128,2024-10-21T02:32:22.40976Z,False,ALTERNATE
DraftKings,Football,NFL,2024-10-22,00:15:00,BAL Ravens @ TB Buccaneers,Total Alternate,Under 43,+213,2024-10-21T02:32:22.72680Z,False,ALTERNATE
DraftKings,Football,NFL,2024-10-22,01:00:00,LA Chargers @ ARI Cardinals,Total Alternate,Under 43,+105,2024-10-21T02:32:22.90314Z,False,ALTERNATE
DraftKings,Football,NFL,2024-10-21,00:22:44,NY Jets @ PIT Steelers,Total Alternate,Over 43.5,−950,2024-10-21T02:32:23.03919Z,False,ALTERNATE
DraftKings,Football,NFL,2024-10-22,00:15:00,BAL Ravens @ TB Buccaneers,Total Alternate,Over 43.5,−239,2024-10-21T02:32:23.18838Z,False,ALTERNATE
DraftKings,Football,NFL,2024-10-22,01:00:00,LA Chargers @ ARI Cardinals,Total Alternate,Over 43.5,−118,2024-10-21T02:32:23.35838Z,False,ALTERNATE
DraftKings,Football,NFL,2024-10-21,00:22:44,NY Jets @ PIT Steelers,Total Alternate,Under 43.5,+575,2024-10-21T02:32:23.48538Z,False,ALTERNATE
DraftKings,Football,NFL,2024-10-22,00:15:00,BAL Ravens @ TB Buccaneers,Total Alternate,Under 43.5,+192,2024-10-21T02:32:24.27763Z,False,ALTERNATE
DraftKings,Football,NFL,2024-10-22,01:00:00,LA Chargers @ ARI Cardinals,Total Alternate,Under 43.5,−103,2024-10-21T02:32:24.42363Z,False,ALTERNATE
DraftKings,Football,NFL,2024-10-22,00:15:00,BAL Ravens @ TB Buccaneers,Total Alternate,Over 44,−227,2024-10-21T02:32:24.56575Z,False,ALTERNATE
DraftKings,Football,NFL,2024-10-22,00:15:00,BAL Ravens @ TB Buccaneers,Total Alternate,Under 44,+183,2024-10-21T02:32:24.70265Z,False,ALTERNATE
DraftKings,Football,NFL,2024-10-22,00:15:00,BAL Ravens @ TB Buccaneers,Total Alternate,Over 44.5,−205,2024-10-21T02:32:24.83678Z,False,ALTERNATE
DraftKings,Football,NFL,2024-10-22,01:00:00,LA Chargers @ ARI Cardinals,Total Alternate,Over 44.5,−102,2024-10-21T02:32:24.96611Z,False,ALTERNATE
DraftKings,Football,NFL,2024-10-22,00:15:00,BAL Ravens @ TB Buccaneers,Total Alternate,Under 44.5,+166,2024-10-21T02:32:25.11079Z,False,ALTERNATE
DraftKings,Football,NFL,2024-10-22,01:00:00,LA Chargers @ ARI Cardinals,Total Alternate,Under 44.5,−119,2024-10-21T02:32:25.24410Z,False,ALTERNATE
DraftKings,Football,NFL,2024-10-22,00:15:00,BAL Ravens @ TB Buccaneers,Total Alternate,Over 45,−198,2024-10-21T02:32:25.38765Z,False,ALTERNATE
DraftKings,Football,NFL,2024-10-22,01:00:00,LA Chargers @ ARI Cardinals,Total Alternate,Over 45,+104,2024-10-21T02:32:25.52264Z,False,ALTERNATE
DraftKings,Football,NFL,2024-10-22,00:15:00,BAL Ravens @ TB Buccaneers,Total Alternate,Under 45,+160,2024-10-21T02:32:25.65064Z,False,ALTERNATE
DraftKings,Football,NFL,2024-10-22,01:00:00,LA Chargers @ ARI Cardinals,Total Alternate,Under 45,−126,2024-10-21T02:32:25.77167Z,False,ALTERNATE
DraftKings,Football,NFL,2024-10-22,00:15:00,BAL Ravens @ TB Buccaneers,Total Alternate,Over 45.5,−185,2024-10-21T02:32:25.92290Z,False,ALTERNATE
DraftKings,Football,NFL,2024-10-22,01:00:00,LA Chargers @ ARI Cardinals,Total Alternate,Over 45.5,+109,2024-10-21T02:32:26.06198Z,False,ALTERNATE
DraftKings,Football,NFL,2024-10-22,00:15:00,BAL Ravens @ TB Buccaneers,Total Alternate,Under 45.5,+151,2024-10-21T02:32:26.20015Z,False,ALTERNATE
DraftKings,Football,NFL,2024-10-22,01:00:00,LA Chargers @ ARI Cardinals,Total Alternate,Under 45.5,−132,2024-10-21T02:32:26.34861Z,False,ALTERNATE
DraftKings,Football,NFL,2024-10-22,00:15:00,BAL Ravens @ TB Buccaneers,Total Alternate,Over 46,−177,2024-10-21T02:32:26.49171Z,False,ALTERNATE
DraftKings,Football,NFL,2024-10-22,01:00:00,LA Chargers @ ARI Cardinals,Total Alternate,Over 46,+115,2024-10-21T02:32:26.62177Z,False,ALTERNATE
DraftKings,Football,NFL,2024-10-22,00:15:00,BAL Ravens @ TB Buccaneers,Total Alternate,Under 46,+145,2024-10-21T02:32:26.75880Z,False,ALTERNATE
DraftKings,Football,NFL,2024-10-22,01:00:00,LA Chargers @ ARI Cardinals,Total Alternate,Under 46,−140,2024-10-21T02:32:26.89479Z,False,ALTERNATE
DraftKings,Football,NFL,2024-10-21,00:22:44,NY Jets @ PIT Steelers,Total Alternate,Over 46.5,−445,2024-10-21T02:32:27.03491Z,False,ALTERNATE
DraftKings,Football,NFL,2024-10-22,00:15:00,BAL Ravens @ TB Buccaneers,Total Alternate,Over 46.5,−167,2024-10-21T02:32:27.16792Z,False,ALTERNATE
DraftKings,Football,NFL,2024-10-22,01:00:00,LA Chargers @ ARI Cardinals,Total Alternate,Over 46.5,+121,2024-10-21T02:32:27.31794Z,False,ALTERNATE
DraftKings,Football,NFL,2024-10-21,00:22:44,NY Jets @ PIT Steelers,Total Alternate,Under 46.5,+310,2024-10-21T02:32:27.44294Z,False,ALTERNATE
DraftKings,Football,NFL,2024-10-22,00:15:00,BAL Ravens @ TB Buccaneers,Total Alternate,Under 46.5,+136,2024-10-21T02:32:27.59701Z,False,ALTERNATE
DraftKings,Football,NFL,2024-10-22,01:00:00,LA Chargers @ ARI Cardinals,Total Alternate,Under 46.5,−147,2024-10-21T02:32:27.72403Z,False,ALTERNATE
DraftKings,Football,NFL,2024-10-22,00:15:00,BAL Ravens @ TB Buccaneers,Total Alternate,Over 47,−157,2024-10-21T02:32:27.85710Z,False,ALTERNATE
DraftKings,Football,NFL,2024-10-22,01:00:00,LA Chargers @ ARI Cardinals,Total Alternate,Over 47,+132,2024-10-21T02:32:27.99617Z,False,ALTERNATE
DraftKings,Football,NFL,2024-10-22,00:15:00,BAL Ravens @ TB Buccaneers,Total Alternate,Under 47,+128,2024-10-21T02:32:28.14516Z,False,ALTERNATE
DraftKings,Football,NFL,2024-10-22,01:00:00,LA Chargers @ ARI Cardinals,Total Alternate,Under 47,−161,2024-10-21T02:32:28.27075Z,False,ALTERNATE
DraftKings,Football,NFL,2024-10-22,00:15:00,BAL Ravens @ TB Buccaneers,Total Alternate,Over 47.5,−144,2024-10-21T02:32:28.41384Z,False,ALTERNATE
DraftKings,Football,NFL,2024-10-22,01:00:00,LA Chargers @ ARI Cardinals,Total Alternate,Over 47.5,+140,2024-10-21T02:32:28.55088Z,False,ALTERNATE
DraftKings,Football,NFL,2024-10-22,00:15:00,BAL Ravens @ TB Buccaneers,Total Alternate,Under 47.5,+118,2024-10-21T02:32:28.74388Z,False,ALTERNATE
DraftKings,Football,NFL,2024-10-22,01:00:00,LA Chargers @ ARI Cardinals,Total Alternate,Under 47.5,−171,2024-10-21T02:32:28.87991Z,False,ALTERNATE
DraftKings,Football,NFL,2024-10-22,00:15:00,BAL Ravens @ TB Buccaneers,Total Alternate,Over 48,−137,2024-10-21T02:32:29.01492Z,False,ALTERNATE
DraftKings,Football,NFL,2024-10-22,01:00:00,LA Chargers @ ARI Cardinals,Total Alternate,Over 48,+149,2024-10-21T02:32:29.16299Z,False,ALTERNATE
DraftKings,Football,NFL,2024-10-22,00:15:00,BAL Ravens @ TB Buccaneers,Total Alternate,Under 48,+112,2024-10-21T02:32:29.32408Z,False,ALTERNATE
DraftKings,Football,NFL,2024-10-22,01:00:00,LA Chargers @ ARI Cardinals,Total Alternate,Under 48,−183,2024-10-21T02:32:29.52406Z,False,ALTERNATE
DraftKings,Football,NFL,2024-10-22,00:15:00,BAL Ravens @ TB Buccaneers,Total Alternate,Over 48.5,−129,2024-10-21T02:32:29.71518Z,False,ALTERNATE
DraftKings,Football,NFL,2024-10-22,01:00:00,LA Chargers @ ARI Cardinals,Total Alternate,Over 48.5,+155,2024-10-21T02:32:29.88020Z,False,ALTERNATE
DraftKings,Football,NFL,2024-10-22,00:15:00,BAL Ravens @ TB Buccaneers,Total Alternate,Under 48.5,+106,2024-10-21T02:32:30.05379Z,False,ALTERNATE
DraftKings,Football,NFL,2024-10-22,01:00:00,LA Chargers @ ARI Cardinals,Total Alternate,Under 48.5,−191,2024-10-21T02:32:30.18381Z,False,ALTERNATE
DraftKings,Football,NFL,2024-10-22,00:15:00,BAL Ravens @ TB Buccaneers,Total Alternate,Over 49,−122,2024-10-21T02:32:30.31199Z,False,ALTERNATE
DraftKings,Football,NFL,2024-10-22,01:00:00,LA Chargers @ ARI Cardinals,Total Alternate,Over 49,+167,2024-10-21T02:32:30.46091Z,False,ALTERNATE
DraftKings,Football,NFL,2024-10-22,00:15:00,BAL Ravens @ TB Buccaneers,Total Alternate,Under 49,+101,2024-10-21T02:32:30.59777Z,False,ALTERNATE
DraftKings,Football,NFL,2024-10-22,01:00:00,LA Chargers @ ARI Cardinals,Total Alternate,Under 49,−206,2024-10-21T02:32:30.75877Z,False,ALTERNATE
DraftKings,Football,NFL,2024-10-21,00:22:44,NY Jets @ PIT Steelers,Total Alternate,Over 49.5,−200,2024-10-21T02:32:30.97090Z,False,ALTERNATE
DraftKings,Football,NFL,2024-10-22,00:15:00,BAL Ravens @ TB Buccaneers,Total Alternate,Over 49.5,−116,2024-10-21T02:32:31.15894Z,False,ALTERNATE
DraftKings,Football,NFL,2024-10-22,01:00:00,LA Chargers @ ARI Cardinals,Total Alternate,Over 49.5,+174,2024-10-21T02:32:31.27898Z,False,ALTERNATE
DraftKings,Football,NFL,2024-10-21,00:22:44,NY Jets @ PIT Steelers,Total Alternate,Under 49.5,+154,2024-10-21T02:32:31.48394Z,False,ALTERNATE
DraftKings,Football,NFL,2024-10-22,00:15:00,BAL Ravens @ TB Buccaneers,Total Alternate,Under 49.5,−105,2024-10-21T02:32:31.62697Z,False,ALTERNATE
DraftKings,Football,NFL,2024-10-22,01:00:00,LA Chargers @ ARI Cardinals,Total Alternate,Under 49.5,−215,2024-10-21T02:32:31.78999Z,False,ALTERNATE
DraftKings,Football,NFL,2024-10-22,01:00:00,LA Chargers @ ARI Cardinals,Total Alternate,Over 50,+188,2024-10-21T02:32:32.00149Z,False,ALTERNATE
DraftKings,Football,NFL,2024-10-22,01:00:00,LA Chargers @ ARI Cardinals,Total Alternate,Under 50,−234,2024-10-21T02:32:32.19251Z,False,ALTERNATE
DraftKings,Football,NFL,2024-10-22,00:15:00,BAL Ravens @ TB Buccaneers,Total Alternate,Over 50.5,−103,2024-10-21T02:32:32.32049Z,False,ALTERNATE
DraftKings,Football,NFL,2024-10-22,01:00:00,LA Chargers @ ARI Cardinals,Total Alternate,Over 50.5,+195,2024-10-21T02:32:32.44750Z,False,ALTERNATE
DraftKings,Football,NFL,2024-10-22,00:15:00,BAL Ravens @ TB Buccaneers,Total Alternate,Under 50.5,−118,2024-10-21T02:32:32.57850Z,False,ALTERNATE
DraftKings,Football,NFL,2024-10-22,01:00:00,LA Chargers @ ARI Cardinals,Total Alternate,Under 50.5,−244,2024-10-21T02:32:32.71002Z,False,ALTERNATE
DraftKings,Football,NFL,2024-10-22,00:15:00,BAL Ravens @ TB Buccaneers,Total Alternate,Over 51,+105,2024-10-21T02:32:32.87403Z,False,ALTERNATE
DraftKings,Football,NFL,2024-10-22,01:00:00,LA Chargers @ ARI Cardinals,Total Alternate,Over 51,+216,2024-10-21T02:32:33.02408Z,False,ALTERNATE
DraftKings,Football,NFL,2024-10-22,00:15:00,BAL Ravens @ TB Buccaneers,Total Alternate,Under 51,−128,2024-10-21T02:32:33.16066Z,False,ALTERNATE
DraftKings,Football,NFL,2024-10-22,01:00:00,LA Chargers @ ARI Cardinals,Total Alternate,Under 51,−272,2024-10-21T02:32:33.31484Z,False,ALTERNATE
DraftKings,Football,NFL,2024-10-22,00:15:00,BAL Ravens @ TB Buccaneers,Total Alternate,Over 51.5,+113,2024-10-21T02:32:33.48285Z,False,ALTERNATE
DraftKings,Football,NFL,2024-10-22,01:00:00,LA Chargers @ ARI Cardinals,Total Alternate,Over 51.5,+225,2024-10-21T02:32:33.63292Z,False,ALTERNATE
DraftKings,Football,NFL,2024-10-22,00:15:00,BAL Ravens @ TB Buccaneers,Total Alternate,Under 51.5,−138,2024-10-21T02:32:33.77394Z,False,ALTERNATE
DraftKings,Football,NFL,2024-10-22,01:00:00,LA Chargers @ ARI Cardinals,Total Alternate,Under 51.5,−285,2024-10-21T02:32:33.93010Z,False,ALTERNATE
DraftKings,Football,NFL,2024-10-22,00:15:00,BAL Ravens @ TB Buccaneers,Total Alternate,Over 52,+120,2024-10-21T02:32:34.06723Z,False,ALTERNATE
DraftKings,Football,NFL,2024-10-22,01:00:00,LA Chargers @ ARI Cardinals,Total Alternate,Over 52,+244,2024-10-21T02:32:34.20298Z,False,ALTERNATE
DraftKings,Football,NFL,2024-10-22,00:15:00,BAL Ravens @ TB Buccaneers,Total Alternate,Under 52,−146,2024-10-21T02:32:34.35091Z,False,ALTERNATE
DraftKings,Football,NFL,2024-10-22,01:00:00,LA Chargers @ ARI Cardinals,Total Alternate,Under 52,−311,2024-10-21T02:32:34.48003Z,False,ALTERNATE
DraftKings,Football,NFL,2024-10-22,00:15:00,BAL Ravens @ TB Buccaneers,Total Alternate,Over 52.5,+126,2024-10-21T02:32:34.60409Z,False,ALTERNATE
DraftKings,Football,NFL,2024-10-22,01:00:00,LA Chargers @ ARI Cardinals,Total Alternate,Over 52.5,+251,2024-10-21T02:32:34.73261Z,False,ALTERNATE
DraftKings,Football,NFL,2024-10-22,00:15:00,BAL Ravens @ TB Buccaneers,Total Alternate,Under 52.5,−153,2024-10-21T02:32:34.86864Z,False,ALTERNATE
DraftKings,Football,NFL,2024-10-22,01:00:00,LA Chargers @ ARI Cardinals,Total Alternate,Under 52.5,−322,2024-10-21T02:32:35.05372Z,False,ALTERNATE
DraftKings,Football,NFL,2024-10-22,00:15:00,BAL Ravens @ TB Buccaneers,Total Alternate,Over 53,+134,2024-10-21T02:32:35.21387Z,False,ALTERNATE
DraftKings,Football,NFL,2024-10-22,01:00:00,LA Chargers @ ARI Cardinals,Total Alternate,Over 53,+272,2024-10-21T02:32:35.36591Z,False,ALTERNATE
DraftKings,Football,NFL,2024-10-22,00:15:00,BAL Ravens @ TB Buccaneers,Total Alternate,Under 53,−164,2024-10-21T02:32:35.49402Z,False,ALTERNATE
DraftKings,Football,NFL,2024-10-22,01:00:00,LA Chargers @ ARI Cardinals,Total Alternate,Under 53,−351,2024-10-21T02:32:35.62768Z,False,ALTERNATE
DraftKings,Football,NFL,2024-10-22,00:15:00,BAL Ravens @ TB Buccaneers,Total Alternate,Over 53.5,+140,2024-10-21T02:32:35.77171Z,False,ALTERNATE
DraftKings,Football,NFL,2024-10-22,01:00:00,LA Chargers @ ARI Cardinals,Total Alternate,Over 53.5,+279,2024-10-21T02:32:35.94380Z,False,ALTERNATE
DraftKings,Football,NFL,2024-10-22,00:15:00,BAL Ravens @ TB Buccaneers,Total Alternate,Under 53.5,−171,2024-10-21T02:32:36.12897Z,False,ALTERNATE
DraftKings,Football,NFL,2024-10-22,01:00:00,LA Chargers @ ARI Cardinals,Total Alternate,Under 53.5,−362,2024-10-21T02:32:36.34902Z,False,ALTERNATE
DraftKings,Football,NFL,2024-10-22,00:15:00,BAL Ravens @ TB Buccaneers,Total Alternate,Over 54,+150,2024-10-21T02:32:36.48096Z,False,ALTERNATE
DraftKings,Football,NFL,2024-10-22,01:00:00,LA Chargers @ ARI Cardinals,Total Alternate,Over 54,+306,2024-10-21T02:32:36.66919Z,False,ALTERNATE
DraftKings,Football,NFL,2024-10-22,00:15:00,BAL Ravens @ TB Buccaneers,Total Alternate,Under 54,−184,2024-10-21T02:32:36.79879Z,False,ALTERNATE
DraftKings,Football,NFL,2024-10-22,01:00:00,LA Chargers @ ARI Cardinals,Total Alternate,Under 54,−403,2024-10-21T02:32:37.00481Z,False,ALTERNATE
DraftKings,Football,NFL,2024-10-22,00:15:00,BAL Ravens @ TB Buccaneers,Total Alternate,Over 54.5,+157,2024-10-21T02:32:37.14481Z,False,ALTERNATE
DraftKings,Football,NFL,2024-10-22,01:00:00,LA Chargers @ ARI Cardinals,Total Alternate,Over 54.5,+315,2024-10-21T02:32:37.28885Z,False,ALTERNATE
DraftKings,Football,NFL,2024-10-22,00:15:00,BAL Ravens @ TB Buccaneers,Total Alternate,Under 54.5,−193,2024-10-21T02:32:37.48696Z,False,ALTERNATE
DraftKings,Football,NFL,2024-10-22,01:00:00,LA Chargers @ ARI Cardinals,Total Alternate,Under 54.5,−416,2024-10-21T02:32:37.63704Z,False,ALTERNATE
DraftKings,Football,NFL,2024-10-22,00:15:00,BAL Ravens @ TB Buccaneers,Total Alternate,Over 55,+170,2024-10-21T02:32:37.76863Z,False,ALTERNATE
DraftKings,Football,NFL,2024-10-22,01:00:00,LA Chargers @ ARI Cardinals,Total Alternate,Over 55,+352,2024-10-21T02:32:37.98779Z,False,ALTERNATE
DraftKings,Football,NFL,2024-10-22,00:15:00,BAL Ravens @ TB Buccaneers,Total Alternate,Under 55,−210,2024-10-21T02:32:38.12779Z,False,ALTERNATE
DraftKings,Football,NFL,2024-10-22,01:00:00,LA Chargers @ ARI Cardinals,Total Alternate,Under 55,−475,2024-10-21T02:32:38.24971Z,False,ALTERNATE
DraftKings,Football,NFL,2024-10-21,00:22:44,NY Jets @ PIT Steelers,Total Alternate,Over 55.5,+154,2024-10-21T02:32:38.38063Z,False,ALTERNATE
DraftKings,Football,NFL,2024-10-22,00:15:00,BAL Ravens @ TB Buccaneers,Total Alternate,Over 55.5,+177,2024-10-21T02:32:38.50959Z,False,ALTERNATE
DraftKings,Football,NFL,2024-10-22,01:00:00,LA Chargers @ ARI Cardinals,Total Alternate,Over 55.5,+360,2024-10-21T02:32:38.64278Z,False,ALTERNATE
DraftKings,Football,NFL,2024-10-21,00:22:44,NY Jets @ PIT Steelers,Total Alternate,Under 55.5,−200,2024-10-21T02:32:38.77077Z,False,ALTERNATE
DraftKings,Football,NFL,2024-10-22,00:15:00,BAL Ravens @ TB Buccaneers,Total Alternate,Under 55.5,−219,2024-10-21T02:32:38.89181Z,False,ALTERNATE
DraftKings,Football,NFL,2024-10-22,01:00:00,LA Chargers @ ARI Cardinals,Total Alternate,Under 55.5,−488,2024-10-21T02:32:39.03597Z,False,ALTERNATE
DraftKings,Football,NFL,2024-10-22,00:15:00,BAL Ravens @ TB Buccaneers,Total Alternate,Over 56,+187,2024-10-21T02:32:39.17497Z,False,ALTERNATE
DraftKings,Football,NFL,2024-10-22,01:00:00,LA Chargers @ ARI Cardinals,Total Alternate,Over 56,+388,2024-10-21T02:32:39.33797Z,False,ALTERNATE
DraftKings,Football,NFL,2024-10-22,00:15:00,BAL Ravens @ TB Buccaneers,Total Alternate,Under 56,−232,2024-10-21T02:32:39.47625Z,False,ALTERNATE
DraftKings,Football,NFL,2024-10-22,01:00:00,LA Chargers @ ARI Cardinals,Total Alternate,Under 56,−534,2024-10-21T02:32:39.63124Z,False,ALTERNATE
DraftKings,Football,NFL,2024-10-22,00:15:00,BAL Ravens @ TB Buccaneers,Total Alternate,Over 56.5,+191,2024-10-21T02:32:39.77633Z,False,ALTERNATE
DraftKings,Football,NFL,2024-10-22,01:00:00,LA Chargers @ ARI Cardinals,Total Alternate,Over 56.5,+395,2024-10-21T02:32:39.92479Z,False,ALTERNATE
DraftKings,Football,NFL,2024-10-22,00:15:00,BAL Ravens @ TB Buccaneers,Total Alternate,Under 56.5,−239,2024-10-21T02:32:40.05178Z,False,ALTERNATE
DraftKings,Football,NFL,2024-10-22,01:00:00,LA Chargers @ ARI Cardinals,Total Alternate,Under 56.5,−546,2024-10-21T02:32:40.18976Z,False,ALTERNATE
DraftKings,Football,NFL,2024-10-22,00:15:00,BAL Ravens @ TB Buccaneers,Total Alternate,Over 57,+210,2024-10-21T02:32:40.32281Z,False,ALTERNATE
DraftKings,Football,NFL,2024-10-22,01:00:00,LA Chargers @ ARI Cardinals,Total Alternate,Over 57,+443,2024-10-21T02:32:40.45589Z,False,ALTERNATE
DraftKings,Football,NFL,2024-10-22,00:15:00,BAL Ravens @ TB Buccaneers,Total Alternate,Under 57,−264,2024-10-21T02:32:40.59220Z,False,ALTERNATE
DraftKings,Football,NFL,2024-10-22,01:00:00,LA Chargers @ ARI Cardinals,Total Alternate,Under 57,−630,2024-10-21T02:32:40.72930Z,False,ALTERNATE
DraftKings,Football,NFL,2024-10-22,00:15:00,BAL Ravens @ TB Buccaneers,Total Alternate,Over 57.5,+219,2024-10-21T02:32:40.85035Z,False,ALTERNATE
DraftKings,Football,NFL,2024-10-22,01:00:00,LA Chargers @ ARI Cardinals,Total Alternate,Over 57.5,+454,2024-10-21T02:32:41.09429Z,False,ALTERNATE
DraftKings,Football,NFL,2024-10-22,00:15:00,BAL Ravens @ TB Buccaneers,Total Alternate,Under 57.5,−277,2024-10-21T02:32:41.23282Z,False,ALTERNATE
DraftKings,Football,NFL,2024-10-22,01:00:00,LA Chargers @ ARI Cardinals,Total Alternate,Under 57.5,−650,2024-10-21T02:32:41.44185Z,False,ALTERNATE
DraftKings,Football,NFL,2024-10-22,00:15:00,BAL Ravens @ TB Buccaneers,Total Alternate,Over 58,+240,2024-10-21T02:32:41.57096Z,False,ALTERNATE
DraftKings,Football,NFL,2024-10-22,00:15:00,BAL Ravens @ TB Buccaneers,Total Alternate,Under 58,−305,2024-10-21T02:32:41.69889Z,False,ALTERNATE
DraftKings,Football,NFL,2024-10-21,00:22:44,NY Jets @ PIT Steelers,Total Alternate,Over 58.5,+250,2024-10-21T02:32:41.82390Z,False,ALTERNATE
DraftKings,Football,NFL,2024-10-22,00:15:00,BAL Ravens @ TB Buccaneers,Total Alternate,Over 58.5,+248,2024-10-21T02:32:41.98292Z,False,ALTERNATE
DraftKings,Football,NFL,2024-10-21,00:22:44,NY Jets @ PIT Steelers,Total Alternate,Under 58.5,−345,2024-10-21T02:32:42.12595Z,False,ALTERNATE
DraftKings,Football,NFL,2024-10-22,00:15:00,BAL Ravens @ TB Buccaneers,Total Alternate,Under 58.5,−317,2024-10-21T02:32:42.27975Z,False,ALTERNATE
DraftKings,Football,NFL,2024-10-22,00:15:00,BAL Ravens @ TB Buccaneers,Total Alternate,Over 59,+269,2024-10-21T02:32:42.42282Z,False,ALTERNATE
DraftKings,Football,NFL,2024-10-22,00:15:00,BAL Ravens @ TB Buccaneers,Total Alternate,Under 59,−347,2024-10-21T02:32:42.58076Z,False,ALTERNATE
DraftKings,Football,NFL,2024-10-22,00:15:00,BAL Ravens @ TB Buccaneers,Total Alternate,Over 59.5,+276,2024-10-21T02:32:42.72575Z,False,ALTERNATE
DraftKings,Football,NFL,2024-10-22,00:15:00,BAL Ravens @ TB Buccaneers,Total Alternate,Under 59.5,−358,2024-10-21T02:32:42.86975Z,False,ALTERNATE
DraftKings,Football,NFL,2024-10-22,00:15:00,BAL Ravens @ TB Buccaneers,Total Alternate,Over 60,+299,2024-10-21T02:32:43.00775Z,False,ALTERNATE
DraftKings,Football,NFL,2024-10-22,00:15:00,BAL Ravens @ TB Buccaneers,Total Alternate,Under 60,−391,2024-10-21T02:32:43.14575Z,False,ALTERNATE
DraftKings,Football,NFL,2024-10-22,00:15:00,BAL Ravens @ TB Buccaneers,Total Alternate,Over 60.5,+306,2024-10-21T02:32:43.29922Z,False,ALTERNATE
DraftKings,Football,NFL,2024-10-22,00:15:00,BAL Ravens @ TB Buccaneers,Total Alternate,Under 60.5,−403,2024-10-21T02:32:43.42777Z,False,ALTERNATE
DraftKings,Football,NFL,2024-10-22,00:15:00,BAL Ravens @ TB Buccaneers,Total Alternate,Over 61,+343,2024-10-21T02:32:43.62092Z,False,ALTERNATE
DraftKings,Football,NFL,2024-10-22,00:15:00,BAL Ravens @ TB Buccaneers,Total Alternate,Under 61,−461,2024-10-21T02:32:43.76692Z,False,ALTERNATE
DraftKings,Football,NFL,2024-10-21,00:22:44,NY Jets @ PIT Steelers,Total Alternate,Over 61.5,+390,2024-10-21T02:32:43.95564Z,False,ALTERNATE
DraftKings,Football,NFL,2024-10-22,00:15:00,BAL Ravens @ TB Buccaneers,Total Alternate,Over 61.5,+354,2024-10-21T02:32:44.13961Z,False,ALTERNATE
DraftKings,Football,NFL,2024-10-21,00:22:44,NY Jets @ PIT Steelers,Total Alternate,Under 61.5,−600,2024-10-21T02:32:44.34463Z,False,ALTERNATE
DraftKings,Football,NFL,2024-10-22,00:15:00,BAL Ravens @ TB Buccaneers,Total Alternate,Under 61.5,−478,2024-10-21T02:32:44.56264Z,False,ALTERNATE
DraftKings,Football,NFL,2024-10-22,00:15:00,BAL Ravens @ TB Buccaneers,Total Alternate,Over 62,+382,2024-10-21T02:32:44.72164Z,False,ALTERNATE
DraftKings,Football,NFL,2024-10-22,00:15:00,BAL Ravens @ TB Buccaneers,Total Alternate,Under 62,−525,2024-10-21T02:32:44.84864Z,False,ALTERNATE
DraftKings,Football,NFL,2024-10-22,00:15:00,BAL Ravens @ TB Buccaneers,Total Alternate,Over 62.5,+390,2024-10-21T02:32:44.99264Z,False,ALTERNATE
DraftKings,Football,NFL,2024-10-22,00:15:00,BAL Ravens @ TB Buccaneers,Total Alternate,Under 62.5,−538,2024-10-21T02:32:45.13976Z,False,ALTERNATE
DraftKings,Football,NFL,2024-10-21,00:22:44,NY Jets @ PIT Steelers,Total Alternate,Over 64.5,+650,2024-10-21T02:32:45.27976Z,False,ALTERNATE
DraftKings,Football,NFL,2024-10-21,00:22:44,NY Jets @ PIT Steelers,Total Alternate,Under 64.5,−1150,2024-10-21T02:32:45.40976Z,False,ALTERNATE
